SUAL,15542000
BANNA (ESPIRITU),12811000
DOLORES,140107000
MALAY,60412000
ASUNCION (SAUG),112301000
TANZA,42120000
CALANOGAS,153632000
SAN VICENTE,84821000
CITY OF PARAÑAQUE,137604000
DATU SALIBO,153836000
CAVITE CITY,42105000
MARABUT,86010000
ALFONSO,42101000
ABRA DE ILOG,175101000
MANOLO FORTICH,101314000
MALAPATAN,128006000
BATAD,63009000
BATAN,60404000
SABLAN,141112000
DATU BLAH T. SINSUAT,153830000
AMADEO,42102000
BINDOY (PAYABON),74607000
MANABO,140116000
ALORAN,104201000
NAGTIPUNAN,25706000
BALINGASAG,104302000
BAGANGA,112501000
NEW BATAAN,118210000
LAKE SEBU,126319000
DIMIAO,71220000
BAMBAN,36902000
SAN JACINTO,54119000
CITY OF CARCAR,72214000
KABACAN,124703000
SANTA IGNACIA,36915000
ASIPULO,142711000
PIAT,21520000
BIRI,84802000
SITANGKAI,157005000
MALLIG,23119000
MACARTHUR,83730000
KASIBU,25009000
PONTEVEDRA,64521000
KABUNTALAN (TUMBAO),153814000
LINGIG,166812000
CITY OF DASMARIÑAS,42106000
LUNA,148105000
T'BOLI,126316000
MEXICO,35413000
CARAGA,112504000
CARLES,63014000
LEON,63028000
BINIDAYAN,153605000
TERNATE,42121000
CALUYA,60605000
MOBO,54113000
LIBONA,101311000
UMINGAN,15544000
MAIMBUNG,156605000
PEÑABLANCA,21519000
CAMALANIUGAN,21510000
BILIRAN,87802000
GOVERNOR GENEROSO,112506000
PAGSANJAN,43419000
SAN REMIGIO,72243000
ROXAS,175318000
BAKUN,141103000
GUINSILIBAN,101802000
CORCUERA,175906000
HADJI PANGLIMA TAHIL (MARUNGGAS),156606000
CUARTERO,61901000
SAGBAYAN (BORJA),71236000
SANTOL,13318000
MANSALAY,175207000
DUERO,71221000
BACOLOD,103501000
CAPUL,84804000
HILONGOS,83719000
BACOLOR,35404000
MALINAO,60413000
CITY OF MALAYBALAY (Capital),101312000
AMPATUAN,153801000
MALUSO,150704000
KIAMBA,128003000
TARAKA,153627000
MAMBURAO (Capital),175106000
CITY OF VALENCIA,101321000
SAN JOAQUIN,63040000
POONA BAYABAO (GATA),153622000
LUGAIT,104316000
ALFONSO CASTANEDA,25015000
GENERAL TINIO (PAPAYA),34910000
SAN ANDRES,175912000
TAMPILISAN,97221000
PILI (Capital),51728000
DAGUIOMAN,140105000
BALABAC,175304000
NUEVA VALENCIA,67903000
PALUAN,175107000
MANGUDADATU,153832000
CITY OF MASBATE (Capital),54111000
GUIUAN,82609000
PIO V. CORPUZ (LIMBUHAN),54116000
PARACELIS,144406000
BASILISA (RIZAL),168501000
ITBAYAT,20902000
CITY OF GUIHULNGAN,74611000
BULUSAN,56204000
PATNANUNGAN,45632000
PASACAO,51727000
GENERAL MAMERTO NATIVIDAD,34909000
CITY OF ESCALANTE,64509000
SILANG,42118000
TIBIAO,60617000
BASEY,86002000
ALLACAPAN,21503000
NEW CORELLA,112314000
GENERAL TRIAS,42108000
GODOD,97225000
SAN LUIS,160309000
SALVADOR BENEDICTO,64532000
BALASAN,63005000
GUBAT,56208000
VINTAR,12823000
TINAMBAC,51737000
SUDIPEN,13319000
SANTO TOMAS,112318000
PLACER,166717000
LORETO,168505000
GASAN,174003000
CABIAO,34904000
AMBAGUIO,25001000
AGLIPAY,25701000
TALISAYAN,104325000
CADIZ CITY,64504000
TAYTAY,175320000
PANTAO RAGAT,103516000
LAAK (SAN VICENTE),118202000
CALACA,41007000
LINAPACAN,175313000
MARIHATAG,166814000
SAN JOSE (Capital),168506000
PALIMBANG,126509000
LEGANES,63026000
BACARRA,12802000
SAN PEDRO,43425000
PEÑARANDA,34921000
GUIPOS,97343000
LICAB,34914000
TUY,41034000
ZAMBOANGA CITY,97332000
MALATE,133910000
PANGANIBAN (PAYO),52007000
DIMASALANG,54108000
VALLADOLID,64530000
SAN ANTONIO,84817000
KATIPUNAN,97203000
GITAGUM,104309000
TARRAGONA,112511000
CANAMAN,51710000
BABATNGON,83705000
MATALOM,83734000
LEGAZPI CITY (Capital),50506000
BACUNGAN (Leon T. Postigo),97226000
ATIMONAN,45603000
PURA,36911000
GINGOOG CITY,104308000
SULTAN NAGA DIMAPORO (KAROMATAN),103506000
ANINI-Y,60601000
LIBUNGAN,124705000
GANASSI,153609000
CARMONA,42104000
NORALA,126311000
MARAWI CITY (Capital),153617000
MINALABAC,51722000
MANITO,50511000
SANTA MAGDALENA,56215000
INTRAMUROS,133909000
MURCIA,64520000
BONTOC,86402000
CITY OF ALAMINOS,15503000
ANTIPAS,124715000
BAGULIN,13304000
DINALUPIHAN,30804000
APALIT,35402000
CITY OF MALABON,137502000
SUMILAO,101319000
LEMERY,63027000
ALILEM,12901000
TANUDAN,143214000
BALINGOAN,104303000
DINAS,97306000
CABUYAO CITY,43404000
PANGLAO,71233000
HERMOSA,30805000
SIBUTU,157011000
IGBARAS,63021000
VALENCIA (LUZURRIAGA),74623000
MANDAUE CITY,72230000
CITY OF SANTA ROSA,43428000
CAOAYAN,12907000
PANDI,31415000
CANDABA,35405000
ANAO,36901000
CAGAYANCILLO,175308000
BANTAYAN,72209000
BANSALAN,112401000
MIDSAYAP,124709000
JABONGA,160205000
OPOL,104321000
DANAO,71218000
LEBAK,126506000
AMLAN (AYUQUITAN),74601000
TALUGTUG,34931000
PIO DURAN,50513000
DATU ABDULLAH SANGKI,153828000
CAIBIRAN,87804000
BAGGAO,21506000
JOLO (Capital),156602000
SAN JUAN (CABALIAN),86414000
MAPANAS,84812000
SAN LORENZO RUIZ (IMELDA),51604000
AGNO,15501000
MENDEZ (MENDEZ-NUÑEZ),42114000
BANGAR,13306000
PANDAMI,156618000
DEL CARMEN,166708000
LAZI,76103000
LEYTE,83729000
GINATILAN,72225000
MAYOYAO,142706000
CITY OF PANABO,112315000
SAMAL,30812000
JAGNA,71225000
DAUIS,71219000
TALAVERA,34930000
TIAONG,45648000
GUTALAC,97223000
DAUIN,74609000
BULA,51706000
IBAJAY,60406000
SARANGANI,112415000
MAHINOG,101803000
ABULUG,21501000
GIGAQUIT,166711000
KAPALONG,112305000
GUIMBAL,63020000
LAMBUNAO,63025000
BAGO CITY,64502000
MALALAG,112408000
BURDEOS,45606000
TAGUDIN,12933000
TRENTO,160312000
TABOGON,72248000
SIGAY,12929000
DARAM,86006000
GUINDULUNGAN,153825000
CALBIGA,86004000
DANAO CITY,72223000
PADRE BURGOS,86410000
SALUG,97213000
SAN SEBASTIAN,86015000
CITY OF BIÑAN,43403000
ORION,30810000
MATAG-OB,83733000
CALAPE,71210000
NOVELETA,42116000
BACNOTAN,13303000
CAJIDIOCAN,175903000
LAGANGILANG,140110000
LABANGAN,97312000
LLANERA,34915000
ADAMS,12801000
JAMINDAN,61906000
ANGELES CITY,35401000
PULUPANDAN,64522000
ALBUERA,83703000
POLILLO,45636000
INDANG,42110000
ILOILO CITY (Capital),63022000
TUDELA,104216000
CONCEPCION,104206000
GUIMBA,34911000
MADAMBA,153614000
ROXAS CITY (Capital),61914000
SINILOAN,43429000
LUBUAGAN,143206000
MALABANG,153615000
SAN JULIAN,82620000
CARASI,12807000
ORMOC CITY,83738000
PUGO,13312000
CABATUAN,63012000
CITY OF PASSI,63035000
AGOO,13301000
CATIGBIAN,71213000
TANDUBAS,157007000
JOSEFINA,97337000
CITY OF CANDON,12906000
TAGBINA,166817000
ENRIQUE B. MAGALONA (SARAVIA),64508000
LAUA-AN,60609000
SAGUIARAN,153625000
SAN QUINTIN,140123000
JOSE ABAD SANTOS (TRINIDAD),112405000
SAN JOSE DE BUAN,86014000
SURALLAH,126313000
TADIAN,144410000
DALAGUETE,72222000
SUMISIP,150705000
KALAMANSIG,126505000
DATU ODIN SINSUAT (DINAIG),153807000
MONTEVISTA,118208000
LABASON,97205000
DAPITAN CITY,97201000
LOPEZ JAENA,104208000
GAMU,23113000
AGDANGAN,45601000
BULUAN,153803000
CLAVERIA,104306000
RIZAL (LIWAN),143211000
KIANGAN,142703000
USON,54121000
CALBAYOG CITY,86003000
PALAYAN CITY (Capital),34919000
MOLAVE,97319000
MARIVELES,30807000
MANAOAG,15525000
SIBALOM,60616000
PAOMBONG,31416000
SAPA-SAPA,157010000
MALVAR,41017000
BANISILAN,124716000
MA-AYON,61907000
LAS NAVAS,84810000
LAOAG CITY (Capital),12812000
TABANGO,83745000
CAMALIGAN,51709000
BALER (Capital),37701000
KABUGAO (Capital),148104000
BINUANGAN,104304000
TOLEDO CITY,72251000
PANIQUI,36910000
DON CARLOS,101304000
KALIBO (Capital),60407000
PANGLIMA SUGALA (BALIMBING),157001000
BENITO SOLIVEN,23104000
LALA,103509000
MATNOG,56212000
ALLEN,84801000
PRESENTACION (PARUBCAN),51729000
PLARIDEL,104212000
MAKATO,60411000
SIBUTAD,97217000
CORON,175309000
RAGAY,51730000
CITY OF MATI (Capital),112509000
TINOC,142710000
BACOLOD-KALAWI (BACOLOD GRANDE),153601000
BAGAMANOC,52001000
MACONACON,23117000
PAKIL,43420000
HAMTIC,60608000
SAN FRANCISCO (ANAO-AON),166719000
JIPAPAD,82611000
ENRIQUE VILLANUEVA,76101000
BONGABON,34902000
TAGKAWAYAN,45646000
SANTA,12922000
PASTRANA,83741000
QUIAPO,133903000
CITY OF TABACO,50517000
VICTORIA,84823000
DUPAX DEL NORTE,25007000
CATMON,72216000
KALILANGAN,101307000
SAINT BERNARD,86412000
MAGDALENA,43415000
DUPAX DEL SUR,25008000
TAPUL,156614000
ZARAGOZA,34932000
LA TRINIDAD (Capital),141110000
TALISAY,51611000
SAN EMILIO,12917000
CABUSAO,51707000
SINDANGAN,97218000
CULION,175322000
SAN FELIPE,37110000
DUMARAO,61904000
BUHI,51705000
LUCENA CITY (Capital),45624000
JOSE PANGANIBAN,51605000
MARIBOJOC,71232000
CITY OF TACURONG,126511000
JIMALALUD,74612000
BAUAN,41006000
SALCEDO (BAUGEN),12916000
KIBUNGAN,141109000
SAN FRANCISCO (AURORA),45642000
QUINAPONDAN,82618000
REAL,45638000
TALITAY,153821000
ALIAGA,34901000
SAN ANDRES (CALOLBON),52008000
MAINIT,166714000
CALINTAAN,175102000
SANTA PRAXEDES,21524000
CITY OF CABADBARAN,160203000
MUNAI,103514000
SABTANG,20905000
SAN MARIANO,23131000
LAGONGLONG,104313000
PAGADIAN CITY (Capital),97322000
DIMATALING,97305000
LUUK,156604000
DAMULOG,101302000
PARACALE,51608000
PRES. MANUEL A. ROXAS,97211000
GENERAL MACARTHUR,82607000
DANGCAGAN,101303000
JASAAN,104311000
SCIENCE CITY OF MUÑOZ,34917000
ISABEL,83722000
CEBU CITY (Capital),72217000
KAWAYAN,87806000
BAMBANG,25004000
BUTUAN CITY (Capital),160202000
HADJI MOHAMMAD AJUL,150710000
SARA,63044000
MERCEDES,82616000
BOKOD,141104000
BAYAMBANG,15511000
BROOKE'S POINT,175306000
BALANGIGA,82602000
POLANGUI,50514000
NASUGBU,41019000
BAY,43402000
SAN ENRIQUE,64525000
MARIPIPI,87807000
SILVINO LOBOS,84822000
CUENCA,41009000
DUMINGAG,97308000
BANTAY,12903000
MAGSINGAL,12912000
SAN TEODORO,175213000
TONGKIL,156615000
MAPUN (CAGAYAN DE TAWI-TAWI),157003000
TUBIGON,71245000
CITY OF MUNTINLUPA,137603000
DIVILACAN,23111000
CITY OF LAMITAN,150702000
SIATON,74619000
TUNGAWAN,98316000
CITY OF MAASIN (Capital),86407000
PINAMUNGAHAN,72237000
BANGUED (Capital),140101000
PRES. CARLOS P. GARCIA (PITOGO),71235000
BAAO,51701000
PAGSANGHAN,86026000
TAMPARAN,153626000
PAETE,43418000
DINGLE,63016000
DINGALAN,37705000
BANTON,175902000
ILAGAN CITY (Capital),23114000
TIGBAO,97344000
ROSARIO,160307000
BALINDONG (WATU),153603000
IMELDA,98304000
SIASI,156612000
KIBLAWAN,112406000
CITY OF CATBALOGAN (Capital),86005000
MATANAO,112410000
CANDONI,64506000
AYUNGON,74602000
DOÑA REMEDIOS TRINIDAD,31424000
MAGUING,153634000
BAYANG,153604000
BOMBON,51704000
TAAL,41029000
ANILAO,63003000
MAHAYAG,97315000
MANKAYAN,141111000
BARLIG,144401000
VERUELA,160313000
KITCHARAO,160206000
SALAY,104322000
HUNGDUAN,142702000
SAN ESTEBAN,12918000
TAGAPUL-AN,86024000
VINCENZO A. SAGUN,97341000
CALABANGA,51708000
MABINI,71231000
BIEN UNIDO,71248000
BAROTAC NUEVO,63007000
DAGOHOY,71217000
MANAPLA,64518000
PIDIGAN,140118000
SALLAPADAN,140120000
LA PAZ,160304000
CAMALIG,50502000
MALIMONO,166715000
HINOBA-AN (ASIA),64512000
JOVELLAR,50505000
COMPOSTELA,118201000
SAN SIMON,35418000
MACABEBE,35410000
SIPOCOT,51734000
SANTA RITA,86017000
SAGUDAY,25705000
CALASIAO,15517000
GUINAYANGAN,45618000
BRAULIO E. DUJALI,112323000
BAGABAG,25003000
PANAY,61909000
ANGADANAN,23102000
MAYDOLONG,82615000
PALANAN,23121000
CUYO,175310000
CAGDIANAO,168502000
SAGAY,101805000
PALANAS,54115000
ALIMODIAN,63002000
BATARAZA,175305000
BUGASONG,60604000
MADRIDEJOS,72228000
MARANTAO,153616000
PAGALUNGAN,153810000
SIRAWAI,97220000
SIBAGAT,160314000
SAPANG DALAGA,104213000
PRESIDENT ROXAS,124713000
CITY OF BATAC,12805000
ITOGON,141106000
GOA,51715000
TACLOBAN CITY (Capital),83747000
LILOY,97206000
LIAN,41013000
SANTA MONICA (SAPAO),166721000
ARACELI,175303000
TALUSAN,98314000
LAPINIG,84809000
SAN CARLOS CITY,64524000
MOISES PADILLA (MAGALLON),64519000
SIERRA BULLONES,71240000
MAGALLANES,160208000
CITY OF NAGA,72234000
CABAGAN,23106000
OMAR,156619000
TUBOD (Capital),103522000
SABLAYAN,175109000
SAN ROQUE,84820000
TUKURAN,97330000
LIPA CITY,41014000
MAROGONG,153631000
TIWI,50518000
LUPON,112507000
LILOAN,86406000
CALOOCAN CITY,137501000
GIPORLOS,82608000
SAN MANUEL,36914000
TERESA,45814000
LA LIBERTAD,97204000
AGUILAR,15502000
GALIMUYOD,12909000
BURUANGA,60405000
IVISAN,61905000
DINALUNGAN,37704000
CALATRAVA,64505000
MAIGO,103512000
CITY OF ANTIPOLO,45802000
MILAGROS,54112000
UBAY,71246000
SANTO NIÑO (FAIRE),21526000
BOAC (Capital),174001000
MAYORGA,83735000
BUCAY,140103000
HINDANG,83720000
MALILIPOT,50509000
NARVACAN,12914000
BARUGO,83706000
LUMBACA-UNAYAN,153641000
DILASAG,37703000
GENERAL EMILIO AGUINALDO,42107000
NATONIN,144405000
NUNUNGAN,103515000
MALASIQUI,15524000
GUINDULMAN,71223000
CITY OF TALISAY,72250000
BONIFACIO,104203000
CITY OF MANDALUYONG,137401000
CITY OF HIMAMAYLAN,64510000
KALAWIT,97227000
KALINGALAN CALUANG,156603000
CITY OF SANTIAGO,23135000
TINGLOY,41033000
NORTHERN KABUNTALAN,153834000
BINALONAN,15512000
BUGUIAS,141105000
DON MARCELINO,112416000
AGUINALDO,142708000
WAO,153630000
CALUMPIT,31407000
JAEN,34912000
CATARMAN,101801000
MAASIN,63029000
MAASIM,128004000
SALCEDO,82619000
AKBAR,150708000
SAN MIGUEL,166816000
QUEZON CITY,137404000
HINUNANGAN,86403000
SAN RICARDO,86415000
BATUAN,71207000
LASAM,21517000
NEW LUCENA,63032000
M'LANG,124710000
TALAYAN,153816000
TABONTABON,83746000
CARMEN,166806000
SAN JUAN,140122000
PANGIL,43421000
CITY OF BAYBAY,83708000
MALANGAS,98308000
LAUREL,41011000
SINAIT,12930000
MABUHAY,98307000
SAN PABLO CITY,43424000
ALCANTARA,72201000
MADDELA,25704000
ARAYAT,35403000
BACO,175201000
MABITAC,43414000
PARANG,156609000
SEVILLA,71239000
LOS BAÑOS,43411000
BASISTA,15509000
MADRID,166813000
SANTA BARBARA,63043000
NABAS,60414000
SANTA FE,83744000
MANGALDAN,15526000
CITY OF SAN FERNANDO (Capital),35416000
MAKILALA,124707000
LUBAO,35408000
OLUTANGA,98310000
ALABEL (Capital),128001000
SANTA LUCIA,12925000
GUINOBATAN,50504000
JANIUAY,63023000
SOLSONA,12822000
BACACAY,50501000
PAMBUJAN,84815000
CITY OF TANAUAN,41031000
IRIGA CITY,51716000
JALA-JALA,45807000
CORDOBA,72220000
VILLASIS,15547000
MATUNGAO,103513000
LAMBAYONG (MARIANO MARCOS),126508000
BATANGAS CITY (Capital),41005000
SOUTH UBIAN,157006000
ILIGAN CITY,103504000
CITY OF SORSOGON (Capital),56216000
QUIRINO,23123000
LUTAYAN,126507000
MULONDO,153619000
PANGUTARAN,156608000
TAGAYTAY CITY,42119000
PAGBILAO,45630000
URBIZTONDO,15545000
SANTIAGO,160210000
SADANGA,144408000
CABA,13309000
PORT AREA,133913000
NAGCARLAN,43417000
MAGALANG,35411000
CARAMORAN,52004000
ROSALES,15531000
HINGYON,142709000
QUIRINO (ANGKAKI),12915000
BANSUD,175202000
MABALACAT CITY,35409000
BANGA,126302000
CARDONA,45806000
GREGORIO DEL PILAR (CONCEPCION),12910000
PANTAR,103523000
BALBALAN,143201000
INDANAN,156601000
KUMALARANG,97311000
BAUANG,13307000
MAGPET,124706000
PANAON,104211000
BADOC,12803000
IMPASUG-ONG,101305000
SAN JOSE CITY,34926000
AL-BARKA,150709000
BAUTISTA,15510000
MALUNGON,128007000
CLARIN,104205000
BELISON,60603000
MASIU,153618000
MABINAY,74614000
NAVAL (Capital),87808000
BAGUIO CITY,141102000
JOSE DALMAN (PONOT),97222000
CITY OF PASIG,137403000
COTABATO CITY,129804000
MARGOSATUBIG,97317000
CITY OF DIGOS (Capital),112403000
BADIANGAN,63004000
BOBON,84803000
CAN-AVID,82605000
BALATAN,51702000
TANAY,45812000
PAOAY,12816000
PATEROS,137606000
MATALAM,124708000
OCAMPO,51725000
KOLAMBUGAN,103508000
UNISAN,45649000
ARITAO,25002000
LUGUS,156617000
LAL-LO,21516000
LIMASAWA,86419000
LOON,71230000
LOOC,175907000
SANTA TERESITA,41027000
CAGAYAN DE ORO CITY (Capital),104305000
PACO,133911000
DIADI,25006000
SARRAT,12821000
NABUA,51723000
CITY OF SIPALAY,64527000
FERROL,175916000
DIPACULAO,37706000
MASINLOC,37106000
BUBONG,153606000
CABANGAN,37102000
BOTOLAN,37101000
KAPATAGAN,153639000
BUGALLON,15515000
NAAWAN,104320000
LUPAO,34916000
POONA PIAGAPO,103517000
KANANGA,83726000
SAGAY CITY,64523000
LOAY,71228000
JUBAN,56210000
PIDDIG,12818000
KADINGILAN,101306000
BORBON,72213000
NABUNTURAN (Capital),118209000
ALANGALANG,83702000
LARENA,76102000
SAN GUILLERMO,23128000
SIRUMA,51735000
MAJAYJAY,43416000
AGONCILLO,41001000
SEBASTE,60615000
CITY OF CALAPAN (Capital),175205000
TAGBILARAN CITY (Capital),71242000
BUUG,98302000
LUBANG,175104000
ARAKAN,124718000
TONDO I / II,133901000
SISON,166722000
JOMALIG,45621000
DATU PIANG,153806000
BARAS,52002000
DATU SAUDI-AMPATUAN,153826000
SAN CLEMENTE,36913000
BANGUI,12804000
GIGMOTO,52005000
GUMACA,45619000
CABARROGUIS (Capital),25702000
INITAO,104310000
GANDARA,86007000
MAUBAN,45627000
ENRILE,21512000
DATU UNSAY,153827000
MONDRAGON,84813000
PINILI,12819000
PARANAS (WRIGHT),86022000
RAMON MAGSAYSAY (LIARGO),97323000
GLAN,128002000
MADALUM,153613000
TUBOD,166727000
ASTURIAS,72206000
SANTO DOMINGO,34929000
BALAYAN,41003000
BACONG,74603000
CORDON,23109000
POTOTAN,63037000
LAGAWE (Capital),142704000
PATIKUL,156611000
DINAGAT,168503000
SANTA ANA,133914000
PUDTOL,148106000
MAPANDAN,15528000
ECHAGUE,23112000
BOLINEY,140102000
CALINOG,63013000
CANLAON CITY,74608000
NUMANCIA,60416000
CATEEL,112505000
DULAG,83718000
PALO,83739000
BALIUAG,31403000
ALITAGTAG,41002000
TUBUNGAN,63046000
GABALDON (BITULOK & SABANI),34907000
PINABACDAO,86013000
DAGAMI,83717000
COLUMBIO,126502000
ROMBLON (Capital),175910000
KAYAPA,25010000
CONSOLACION,72219000
BULAN,56203000
PANTUKAN,118211000
TAGUIG CITY,137607000
SAN MARCELINO,37111000
DON VICTORIANO CHIONGBIAN  (DON MARIANO MARCOS),104217000
PIGKAWAYAN,124711000
AJUY,63001000
GONZAGA,21514000
SAMPALOC,133906000
LUMBATAN,153612000
OLONGAPO CITY,37107000
JETAFE,71226000
CATANAUAN,45610000
LOBOC,71229000
PAVIA,63036000
CATARMAN (Capital),84805000
SILAGO,86416000
JIABONG,86009000
MAMASAPANO,153820000
PANUKULAN,45631000
BONTOC (Capital),144404000
CITY OF NAVOTAS,137503000
ODIONGAN,175909000
BULALACAO (SAN PEDRO),175204000
ABUYOG,83701000
MEDELLIN,72231000
KITAOTAO,101309000
PINAMALAYAN,175209000
ANGONO,45801000
SAN GABRIEL,13315000
PANGANTUCAN,101316000
CITY OF BAYAWAN (TULONG),74606000
VILLANUEVA,104326000
CITY OF LAS PIÑAS,137601000
MUTIA,97208000
CITY OF TANJAY,74621000
TALIPAO,156613000
LIANGA,166811000
LIBJO (ALBOR),168504000
LAVEZARES,84811000
ALEGRIA,166701000
GUAGUA,35407000
SANTA ELENA,51610000
SHARIFF SAYDONA MUSTAPHA,153837000
CITY OF SAN JOSE DEL MONTE,31420000
TINGLAYAN,143215000
GARCHITORENA,51714000
PANTABANGAN,34920000
TUBAJON,168507000
CARAMOAN,51711000
TANAUAN,83748000
DAET (Capital),51603000
LABRADOR,15521000
SAN ILDEFONSO,31419000
CITY OF MEYCAUAYAN,31412000
BALLESTEROS,21507000
AMULUNG,21504000
BALUNGAO,15507000
SAN FRANCISCO,160308000
BALUD,54103000
PILILLA,45810000
PUALAS,153623000
PINUKPUK,143209000
KABASALAN,98306000
MAHAPLAG,83731000
LIMAY,30806000
TALAINGOD,112322000
SANTANDER,72245000
PILAR,166716000
CITY OF URDANETA,15546000
BAIS CITY,74604000
ABORLAN,175301000
RAMON,23124000
BANATE,63006000
RAMOS,36912000
BALILIHAN,71206000
POZORRUBIO,15530000
LOPE DE VEGA,84824000
MAWAB,118206000
BAUNGON,101301000
TABINA,97327000
TRECE MARTIRES CITY (Capital),42122000
CITY OF BALANGA (Capital),30803000
ORANI,30809000
MACROHON,86408000
DUMANGAS,63018000
CUYAPO,34906000
TALAKAG,101320000
PORO,72238000
SULTAN MASTURA,153824000
LIBAGON,86405000
SAN BENITO,166718000
LIDLIDDA,12911000
CITY OF EL SALVADOR,104307000
DAANBANTAYAN,72221000
DITSAAN-RAMAIN,153624000
ALUBIJID,104301000
MATUGUINAO,86011000
LAMUT,142705000
INFANTA,45620000
TOLOSA,83749000
TAMBULIG,97328000
LAOAC,15548000
DEL GALLEGO,51712000
PRESIDENT QUIRINO,126510000
SIKATUNA,71241000
ANTEQUERA,71204000
BILAR,71208000
HINIGARAN,64511000
VIGA,52010000
CITY OF MAKATI,137602000
FLORA,148103000
SAN NARCISO,45644000
KAWIT,42111000
SUBIC,37114000
LUMBAYANAGUE,153636000
CABANATUAN CITY,34903000
ALBURQUERQUE,71201000
MARCOS,12813000
RODRIGUEZ (MONTALBAN),45808000
MONREAL,54114000
BASCO (Capital),20901000
SUGBONGCOGON,104323000
PASAY CITY,137605000
MERIDA,83736000
CALAMBA,104204000
BACUAG,166702000
HERNANI,82610000
BUNAWAN,160302000
BALAGTAS (BIGAA),31402000
MAITUM,128005000
OBANDO,31414000
TALALORA,86019000
PALOMPON,83740000
CITY OF BISLIG,166803000
ALCOY,72202000
MORONG,45809000
CULASI,60606000
BESAO,144403000
TUMAUINI,23137000
LICUAN-BAAY (LICUAN),140113000
CITY OF SAN JUAN,137405000
VALENCIA,71247000
MANDAON,54110000
PIAGAPO,153621000
MASLOG,82614000
TAMPAKAN,126314000
CATAINGAN,54105000
VINZONS,51612000
LINAMON,103510000
ALEOSAN,124717000
MALIBCONG,140115000
MOTIONG,86012000
VILLAREAL,86021000
SAN POLICARPO,82621000
SANTA MARIA,112413000
PATNONGON,60612000
BARBAZA,60602000
BUSTOS,31406000
PANITAN,61910000
MIAGAO,63030000
OAS,50512000
MARIA AURORA,37707000
PALAUIG,37108000
PANGLIMA ESTINO (NEW PANAMAO),156616000
SIAY,98313000
IVANA,20903000
BOLJOON,72212000
JULITA,83725000
SAN LORENZO,67904000
FAMY,43408000
PANDACAN,133912000
TAYASAN,74622000
CAPALONGA,51602000
MAGSAYSAY,112407000
HADJI MUHTAMAD,150712000
SANTA ROSA,34928000
LUMBA-BAYABAO (MAGUING),153611000
POLA,175210000
LUMBAN,43413000
MOGPOG,174004000
CAMILING,36903000
MALITA,112409000
FLORIDABLANCA,35406000
LILA,71227000
GUIGUINTO,31408000
CATUBIG,84806000
ALOGUINSAN,72204000
UPI,153815000
SAN DIONISIO,63038000
DUMARAN,175311000
MADALAG,60410000
MAGARAO,51720000
BARIRA,153818000
SAN ISIDRO,166720000
SUYO,12932000
BANAUE,142701000
BAROBO,166801000
CITY OF ISABELA (Not a Province),99700000
DIPOLOG CITY (Capital),97202000
ALCALA,21502000
LOBO,41015000
SANTA CRUZ (Capital),43426000
LAPU-LAPU CITY (OPON),72226000
BULACAN,31405000
DUEÑAS,63017000
OROQUIETA CITY (Capital),104209000
CITY OF TAGUM (Capital),112319000
KAPAI,153610000
OSLOB,72235000
CITY OF CALAMBA,43405000
LAGAYAN,140111000
CURRIMAO,12808000
SAN RAFAEL,63042000
SANTA CRUZ,133905000
PADRE GARCIA,41020000
SULTAN DUMALONDONG,153640000
BAYOMBONG (Capital),25005000
TOBIAS FORNIER (DAO),60607000
DINGRAS,12809000
SULTAN KUDARAT (NULING),153812000
SANTA MARGARITA,86016000
IBAAN,41010000
CITY OF BOGO,72211000
CABUCGAYAN,87803000
CANDIJAY,71211000
SALVADOR,103518000
SIGMA,61916000
HINATUAN,166809000
UNGKAYA PUKAN,150711000
JARO,83723000
LAS NIEVES,160207000
LIBMANAN,51718000
SIOCON,97219000
ATOK,141101000
VILLAVICIOSA,140127000
NAGA,98309000
BINONDO,133902000
TALIBON,71243000
CALANASAN (BAYAG),148101000
MATANOG,153809000
VILLABA,83751000
MARAMAG,101315000
SANCHEZ-MIRA,21522000
PASIL,143208000
POLOMOLOK,126312000
DASOL,15519000
MACALELON,45625000
NAGUILIAN,23120000
LA CARLOTA CITY,64516000
LA CASTELLANA,64517000
SIBULAN,74620000
MAYANTOC,36908000
DUMAGUETE CITY (Capital),74610000
TARANGNAN,86020000
LAWAAN,82612000
LANUZA,166810000
CALAUAG,45607000
PASUQUIN,12817000
BALAOAN,13305000
CALAUAN,43406000
CORTES,166808000
MARIA,76104000
MANGATAREM,15527000
TOBOSO,64529000
BACLAYON,71205000
LLORENTE,82613000
GERONA,36906000
JAVIER (BUGHO),83724000
NAGA CITY,51724000
PEÑARRUBIA,140117000
BALOI,103502000
BANAYOYO,12902000
MARAGUSAN (SAN MARIANO),118205000
LAGUINDINGAN,104314000
BANAYBANAY,112502000
IMUS CITY,42109000
PEREZ,45633000
JORDAN (Capital),67902000
BAYOG,97303000
MATAASNAKAHOY,41018000
REMEDIOS T. ROMUALDEZ,160212000
NORZAGARAY,31413000
BULDON,153802000
DIPLAHAN,98303000
MINGLANILLA,72232000
PORAC,35415000
LIBACAO,60409000
BUTIG,153607000
VIRAC (Capital),52011000
ALMERIA,87801000
BINMALEY,15513000
SURIGAO CITY (Capital),166724000
BUGUEY,21508000
CAWAYAN,54106000
TIGBAUAN,63045000
MAHATAO,20904000
GENERAL NAKAR,45617000
DONSOL,56207000
CASTILLEJOS,37104000
BALIGUIAN,97224000
CALAYAN,21509000
MAMBAJAO (Capital),101804000
BINGAWAN,63010000
PUERTO PRINCESA CITY (Capital),175316000
DINAPIGUE,23110000
BUADIPOSO-BUNTONG,153633000
HINUNDAYAN,86404000
SIBONGA,72246000
CABUGAO,12905000
RAPU-RAPU,50515000
SAGÑAY,51731000
CANTILAN,166805000
SABANGAN,144407000
TAGOLOAN,104324000
SANTO DOMINGO (LIBOG),50516000
MANUKAN,97207000
TIGAON,51736000
BALETE,60402000
ROSELLER LIM,98312000
SULOP,112414000
TANGUB CITY,104215000
VILLAVERDE,25014000
ALFONSO LISTA (POTIA),142707000
DATU ANGGAL MIDTIMBANG,153831000
SHARIFF AGUAK (MAGANOY) (Capital),153808000
DANGLAS,140106000
GEN. MARIANO ALVAREZ,42123000
TURTLE ISLANDS,157008000
SIBUCO,97216000
BALANGKAYAN,82603000
CITY OF LIGAO,50508000
KABAYAN,141107000
BANI,15508000
NATIVIDAD,15529000
BASAY,74605000
SAN JOSE,84819000
SIMUNUL,157004000
CABANGLASAN,101322000
ARINGAY,13302000
LANGUYAN,157009000
CAPOOCAN,83714000
UYUGAN,20906000
DIFFUN,25703000
RIZAL,97212000
TUGUEGARAO CITY (Capital),21529000
CITY OF KABANKALAN,64515000
AGUTAYA,175302000
ISLAND GARDEN CITY OF SAMAL,112317000
LACUB,140109000
MOALBOAL,72233000
CITY OF TARLAC (Capital),36916000
CITY OF VIGAN (Capital),12934000
PULILAN,31418000
TINEG,140125000
SANTA MARCELA,148107000
SAGADA,144409000
DUMALNEG,12810000
CAINTA,45805000
PILA,43422000
SASMUAN (Sexmoan),35422000
PITOGO,97338000
CASTILLA,56206000
MANTICAO,104318000
DARAGA (LOCSIN),50503000
SUGPON,12931000
GARCIA HERNANDEZ,71222000
RIZAL (MARCOS),175323000
MANJUYOD,74615000
PICONG (SULTAN GUMANDER),153635000
DAPA,166707000
TUBURAN,150707000
CITY OF TAYABAS,45647000
BINANGONAN,45804000
TANTANGAN,126315000
CAVINTI,43407000
SAPAD,103519000
BALABAGAN,153602000
MAGDIWANG,175908000
CITY OF MALOLOS (Capital),31410000
BADIAN,72207000
SAN JORGE,86025000
HINABANGAN,86008000
BALIANGAO,104202000
SAN PASCUAL,54120000
SEN. NINOY AQUINO,126512000
SAN NICOLAS,133904000
TUBO,140126000
ASINGAN,15506000
MASANTOL,35412000
VALLEHERMOSO,74624000
PIKIT,124712000
TUBA,141113000
CALUBIAN,83713000
CITY OF TANDAG (Capital),166819000
PAGAGAWAN,153822000
BUENAVISTA,160201000
TAYSAN,41032000
SOUTH UPI,153817000
SANTA CATALINA,74618000
MONKAYO,118207000
PANDAN,60611000
NAMPICUAN,34918000
ORAS,82617000
BURAUEN,83710000
PANDAG,153833000
BOLINAO,15514000
SAMBOAN,72240000
LIBON,50507000
TUPI,126317000
LUISIANA,43412000
ALABAT,45602000
TOMAS OPPUS,86418000
CITY OF KIDAPAWAN (Capital),124704000
PATA,156610000
MINALIN,35414000
DATU HOFFER AMPATUAN,153835000
IPIL (Capital),98305000
SAN MATEO,45811000
CLAVER,166706000
OLD PANAMAO,156607000
LAUR,34913000
NAGBUKEL,12913000
PIÑAN (NEW PIÑAN),97209000
CORELLA,71215000
NEW WASHINGTON,60415000
TUNGA,83750000
LANTAWAN,150703000
BACOOR CITY,42103000
ISULAN (Capital),126504000
BUMBARAN,153637000
BOCAUE,31404000
BONGABONG,175203000
JIMENEZ,104207000
SOFRONIO ESPAÑOLA,175324000
BAGUMBAYAN,126501000
CULABA,87805000
KIBAWE,101308000
SAN PABLO,97325000
TAGANA-AN,166725000
SERGIO OSMEÑA SR.,97214000
TANGALAN,60417000
PROSPERIDAD (Capital),160306000
PAGAYAWAN (TATARIKAN),153620000
LAGONOY,51717000
TANGCAL,103521000
SOLANO,25013000
MIDSALIP,97318000
REINA MERCEDES,23125000
SARIAYA,45645000
SOLANA,21527000
CITY OF GAPAN,34908000
BALAMBAN,72208000
CANDELARIA,45608000
CITY OF KORONADAL (Capital),126306000
NAIC,42115000
BAGAC,30802000
MULANAY,45628000
TALACOGON,160311000
SANTA MARIA (IMELDA),175917000
MABINI (DOÑA ALICIA),118203000
GATTARAN,21513000
BUSUANGA,175307000
DAGUPAN CITY,15518000
SINACABAN,104214000
IGUIG,21515000
CAPAS,36904000
TRINIDAD,71244000
TUAO,21528000
DUMALINAO,97307000
TIPO-TIPO,150706000
MILAOR,51721000
HAGONOY,112404000
SAN AGUSTIN,166815000
BAYABAS,166802000
DAVAO CITY,112402000
TAGO,166818000
MONCADA,36909000
OTON,63034000
SAN FABIAN,15533000
ALAMINOS,43401000
CITY OF TABUK (Capital),143213000
LIBERTAD,104315000
BURGOS,166704000
INOPACAN,83721000
LANGIDEN,140112000
LUPI,51719000
CAGWAIT,166804000
MARILAO,31411000
ANDA,71203000
VALDERRAMA,60618000
IROSIN,56209000
CAUAYAN,64507000
CERVANTES,12908000
TUGAYA,153629000
NUEVA ERA,12814000
BAROTAC VIEJO,63008000
ARGAO,72205000
SOGOD,86417000
PAMPLONA,74616000
CALATAGAN,41008000
BUCLOC,140104000
GLORIA,175206000
ZUMARRAGA,86023000
LINGAYEN (Capital),15522000
LAKEWOOD,97333000
MAMBUSAO,61908000
SAPI-AN,61915000
POLANCO,97210000
EL NIDO (BACUIT),175312000
MAGSAYSAY (LINUGOS),104317000
DUMALAG,61903000
BONGAO (Capital),157002000
ESPERANZA,160303000
LILIW,43410000
ANAHAWAN,86401000
LAPUYAN,97313000
SANTA JOSEFA,160310000
ESTANCIA,63019000
PUERTO GALERA,175211000
TUBLAY,141114000
ISABELA,64514000
LUCBAN,45623000
BARCELONA,56202000
ARTECHE,82601000
DELFIN ALBANO (MAGSAYSAY),23118000
SIQUIJOR (Capital),76106000
ILOG,64513000
NAUJAN,175208000
SANTO NIÑO,126318000
CARRANGLAN,34905000
GAMAY,84807000
ZARRAGA,63047000
GEN. S. K. PENDATUN,153819000
CITY OF BORONGAN (Capital),82604000
SOCORRO,166723000
LOPEZ,45622000
TAPAZ,61917000
TUBARAN,153628000
BACOLOD CITY (Capital),64501000
PRIETO DIAZ,56214000
SILAY CITY,64526000
PAYAO,98311000
SULAT,82622000
DATU PAGLAS,153805000
PAGLAT,153823000
BALENO,54102000
SAN LEONARDO,34927000
CONNER,148102000
NASIPIT,160209000
APARRI,21505000
SIAYAN,97215000
GENERAL LUNA,166710000
KAUSWAGAN,103507000
TAGOLOAN II,153638000
CITY OF VICTORIAS,64531000
KALAYAAN,175321000
TABUAN-LASA,150713000
MALITBOG,101313000
RAJAH BUAYAN,153829000
ALMAGRO,86001000
TAFT,82623000
NARRA,175315000
BATO,83707000
BAROY,103503000
TAYUM,140124000
ABUCAY,30801000
QUEZON,101317000
TAYUG,15543000
AROROY,54101000
ANGAT,31401000
CASIGURAN,56205000
ZAMBOANGUITA,74625000
LABO,51606000
MALABUYOC,72229000
SAN FERNANDO,101318000
CITY OF VALENZUELA,137504000
BASUD,51601000
TULUNAN,124714000
PADADA,112411000
LEZO,60408000
IBA (Capital),37105000
OZAMIS CITY,104210000
GAINZA,51713000
INABANGA,71224000
BARILI,72210000
MARAGONDON,42113000
SIBUNAG,67905000
SULTAN SA BARONGIS (LAMBAYONG),153813000
DUMANJUG,72224000
KINOGUITAN,104312000
LUBA,140114000
CITY OF CAUAYAN,23108000
RONDA,72239000
MINA,63031000
BINALBAGAN,64503000
MEDINA,104319000
ALAMADA,124701000
LANTAPAN,101310000
CARIGARA,83715000
TUBAY,160211000
GENERAL SANTOS CITY (DADIANGAS),126303000
BAUKO,144402000
TUBAO,13320000
KAPANGAN,141108000
TORRIJOS,174006000
PAGUDPUD,12815000
MANAY,112508000
ERMITA,133908000
LAOANG,84808000
BOSTON,112503000
AURORA,97302000
ALICIA,98301000
CITY OF MARIKINA,137402000
SOMINOT (DON MARIANO MARCOS),97340000
PALAPAG,84814000
SAN JUAN (LAPOG),12920000
DAO,61902000
CITY OF BAYUGAN,160301000
TITAY,98315000
JONES,23115000
TABUELAN,72249000
MACO,118204000
PINTUYAN,86411000
ALTAVAS,60401000
